ts,session_id,user,branch,turns,input_tokens,output_tokens,cache_read_tokens,cache_write_tokens,hit_rate,cost_usd,accepted
2026-09-06T17:59:01.321Z,5aaa13f6-f4c7-40d7-9012-9d406a821c00,tanin,main,34,68,33580,2692885,192018,0.93,2.0318,
2026-09-06T18:02:37.789Z,5aaa13f6-f4c7-40d7-9012-9d406a821c00,tanin,ai/tester-agent,49,98,47977,4317249,210491,0.95,2.8045,
2026-09-06T18:03:22.563Z,5aaa13f6-f4c7-40d7-9012-9d406a821c00,tanin,ai/tester-agent,56,112,50169,5141008,213421,0.96,3.0955,
2026-09-06T18:43:14.771Z,5aaa13f6-f4c7-40d7-9012-9d406a821c00,tanin,ai/architect-agent,107,214,141609,12773771,308535,0.98,7.1139,
2026-09-06T18:50:55.584Z,5aaa13f6-f4c7-40d7-9012-9d406a821c00,tanin,ai/architect-agent,128,256,167280,16458225,335848,0.98,8.7069,
2026-09-06T18:56:36.943Z,5aaa13f6-f4c7-40d7-9012-9d406a821c00,tanin,ai/architect-agent,139,278,178250,18498517,345208,0.98,9.5187,
2026-09-06T18:58:56.634Z,5aaa13f6-f4c7-40d7-9012-9d406a821c00,tanin,ai/architect-agent,149,298,188484,20427590,360715,0.98,10.3091,
2026-09-06T19:40:29.581Z,5aaa13f6-f4c7-40d7-9012-9d406a821c00,tanin,ai/architect-agent,206,412,270705,33105945,445793,0.99,15.6653,
# rows below were written by sdlc 0.3.0's hook after the 0.7.0 header change
2026-09-06T20:24:23.194Z,5aaa13f6-f4c7-40d7-9012-9d406a821c00,tanin,ai/architect-agent,258,516,350084,47162276,524985,0.99,21.3702,
2026-09-06T20:36:38.451Z,5aaa13f6-f4c7-40d7-9012-9d406a821c00,tanin,ai/architect-agent,259,518,350971,47459007,525016,0.99,21.4726,
2026-09-07T01:13:04.639Z,5aaa13f6-f4c7-40d7-9012-9d406a821c00,tanin,ai/architect-agent,355,710,509099,80520046,1364604,0.98,36.9119,
# rows below were written by the older hook after the 0.7.0 header change, under a header it did not match
2026-09-07T13:59:30.566Z,9c657d4e-ba1c-418e-abf9-0f82d0fc2382,tanin,main,30,60,13222,1949564,95897,0.95,1.1430,
